{
  "temperature": 0.7,
  "downfall": 0.2,
  "has_precipitation": true,
  "effects": {
    "sky_color": 15961322,
    "fog_color": 7401215,
    "water_color": 7536895,
    "water_fog_color": 13893887,
    "grass_color": 6487733,
    "foliage_color": 10011136
  },
  "spawners": {
    "creature": [
      {
        "type": "minecraft:bat",
        "weight": 1,
        "minCount": 0,
        "maxCount": 0
      },
      {
        "type": "minecraft:chicken",
        "weight": 0,
        "minCount": 0,
        "maxCount": 0
      }
    ],
    "monster": [
      {
        "type": "minecraft:goat",
        "weight": 1,
        "minCount": 0,
        "maxCount": 0
      },
      {
        "type": "minecraft:creeper",
        "weight": 2,
        "minCount": 0,
        "maxCount": 0
      }
    ]
  },
  "spawn_costs": {},
  "carvers": {},
  "features": [
    [
      "minecraft:cherry_checked",
      "minecraft:trees_cherry",
      "minecraft:flower_cherry"
    ],
    [
      "minecraft:ore_gold",
      "minecraft:ore_gold_deltas"
    ],
    [
      "minecraft:pointed_dripstone",
      "minecraft:patch_sugar_cane"
    ]
  ]
}
