{
  "temperature": 0.8,
  "downfall": 0.4,
  "has_precipitation": true,
  "effects": {
    "sky_color": 12417791,
    "fog_color": 5083647,
    "water_color": 4159204,
    "water_fog_color": 329011,
    "grass_color": 13303725,
    "foliage_color": 7845888
  },
  "spawners": {
    "monster": [
      {
        "type": "minecraft:creeper",
        "weight": 10,
        "minCount": 10,
        "maxCount": 0
      },
      {
        "type": "minecraft:zombie",
        "weight": 3,
        "minCount": 0,
        "maxCount": 0
      },
      {
        "type": "minecraft:husk",
        "weight": 3,
        "minCount": 0,
        "maxCount": 0
      }
    ],
    "creature": [
      {
        "type": "minecraft:chicken",
        "weight": 1,
        "minCount": 0,
        "maxCount": 0
      },
      {
        "type": "minecraft:cow",
        "weight": 1,
        "minCount": 0,
        "maxCount": 0
      }
    ]
  },
  "spawn_costs": {},
  "carvers": {},
  "features": [
    [
      "minecraft:patch_grass_savanna",
      "minecraft:acacia_checked",
      "minecraft:patch_tall_grass_2",
      "minecraft:trees_savanna",
      "minecraft:acacia"
    ],
    [
      "minecraft:ore_iron_small",
      "minecraft:ore_emerald",
      "minecraft:ore_coal_upper"
    ],
    [
      "minecraft:pointed_dripstone",
      "minecraft:spring_lava"
    ]
  ]
}
