{
  "type": "custom:skylands_type",
  "generator": {
    "type": "minecraft:noise",
    "settings": "custom:skylands_noise",
    "biome_source": {
      "type": "minecraft:multi_noise",
      "biomes": [
        {
          "biome": "minecraft:cherry_grove",
          "parameters": {
            "temperature": 0.2,
            "humidity": 1,
            "continentalness": 0.2,
            "erosion": 0,
            "weirdness": 0,
            "depth": 0,
            "offset": 0
          }
        },
        {
          "biome": "minecraft:sky_savanna",
          "parameters": {
            "temperature": 1,
            "humidity": 0.2,
            "continentalness": 0,
            "erosion": 0,
            "weirdness": 0,
            "depth": 0,
            "offset": 0
          }
        }
      ]
    }
  }
}
