{
  "display": {
    "title": {
      "text": "Data Packs Installed"
    },
    "description": {
      "text": "These datapacks are installed:"
    },
    "icon": {
      "item": "minecraft:command_block_minecart"
    },
    "frame": "challenge",
    "show_toast": false,
    "announce_to_chat": false,
    "hidden": false,
    "background": "minecraft:textures/gui/advancements/backgrounds/stone.png"
  },
  "criteria": {
    "none": {
      "trigger": "minecraft:tick",
      "conditions": {}
    }
  }
}
