{
  "display": {
    "title": {
      "text": "Skylands Reborn              "
    },
    "description": {
      "text": "Make a glowstone portal, and use a water bucket to \"light\" it, and prepare to be amazed!"
    },
    "icon": {
      "item": "minecraft:glowstone"
    },
    "frame": "task",
    "show_toast": true,
    "announce_to_chat": false,
    "hidden": false
  },
  "criteria": {
    "none": {
      "trigger": "minecraft:tick",
      "conditions": {}
    }
  },
  "parent": "datapacks:root"
}
